"run_id","code_commit","method","config_path","seed","parent_checkpoints","steps","batch_size","context","processed_targets_including_ancestry","parameters","hardware","threads","train_precision","train_seconds","validation_seconds","test_seconds","peak_ram_gb","peak_gpu_allocated_gb","validation_bpb","test_bpb","checkpoint_sha256","selected_on","notes"
"baseline-gpt-s17-fp32","local source_snapshot; SHA256 in logs/source-hashes.json","original GPT baseline","source_snapshot/configs/baseline.json","17","none (random initialization)","1200","32","256","9830400","1088256","NVIDIA GeForce RTX 3050 Ti Laptop GPU","4","fp32","37.744649299999764","10.298700899999858","11.490689000000202","not measured","0.53879296","2.071080469943088","2.1012562769423675","4f4b05f61016cc22cd2216aa6f08288ce31e70b5ac30dc6003bc09e652a0fbfb","predefined baseline; final step fixed before test","GPU FP32 training, CPU FP32 scoring; includes validation every 300 steps; setup smoke run recorded separately in environment/checks/smoke-cuda"
"dropout-residual-p01-s17-v1","local source; student.py sha256=2f8af49b4620a1dba62676f36a079129e935e657022f914f1a2cc151fc365e6f","GPT with p=0.1 dropout on attention and MLP residual branches","MP1_student_starter/code/configs/dropout_residual_p01.json","17","none (random initialization); baseline used as comparison only","1200","32","256","9830400","1088256","NVIDIA GeForce RTX 3050 Ti Laptop GPU","4","fp32","38.7912332000005","0.672436399999697","not run","not measured","0.547181568","2.1026009857035","not run","0fe0a129339cf129abd8c43a766d10bb6a77987243c844ae0708182d2fff74b5","validation; not selected","Paired with original GPT baseline at same seed and training targets. Initial weights exactly matched. Dropout candidate validation is worse; no test evaluation."
"dropout-residual-p005-s17-v1","local source; train.py SHA256=645ce0e4b72a6ad5cd67d28f5726e4290b8a29599d8885793ae79a6d53d612a5; model implementation SHA256=2f8af49b4620a1dba62676f36a079129e935e657022f914f1a2cc151fc365e6f","GPT with p=0.05 dropout on both residual branches","MP1_student_starter/code/configs/baseline.json","17","none (random initialization)","1200","32","256","9830400","1088256","NVIDIA GeForce RTX 3050 Ti Laptop GPU","4","fp32","38.5742396000001","0.669188800000029","not run","not measured","0.547181568","2.08793738220629","not run","113d4517c6e9593604a5f0b3be47f2369a87f3673c8550d76761ab398eac84ef","validation; not selected","Equal 9,830,400 targets per run; process_seconds=53.1499816; metrics at experiments/dropout-residual-p005-s17-v1/run/metrics.json; test not run."
"ema-decay099-s17-v1","local source; train.py SHA256=645ce0e4b72a6ad5cd67d28f5726e4290b8a29599d8885793ae79a6d53d612a5; model implementation SHA256=6cce142a31d396f017319543f50d70f30fa6da740729af01c8baed13c6f671f9","Original GPT with EMA decay 0.99, starting at step 100","MP1_student_starter/code/configs/baseline.json","17","none (random initialization)","1200","32","256","9830400","1088256","NVIDIA GeForce RTX 3050 Ti Laptop GPU","4","fp32","38.4317559000006","0.666196199999831","not run","not measured","0.543145984","2.07509028786878","not run","00071c45e8e114582ed1cca2af2a842a114af5e8dbc3bf77099b29c53af8656a","validation; not selected","Equal 9,830,400 targets per run; process_seconds=52.4345737999997; metrics at experiments/ema-decay099-s17-v1/run/metrics.json; test not run."
"weight-decay001-s17-v1","local source; train.py SHA256=645ce0e4b72a6ad5cd67d28f5726e4290b8a29599d8885793ae79a6d53d612a5; model implementation SHA256=6cce142a31d396f017319543f50d70f30fa6da740729af01c8baed13c6f671f9","Original GPT with AdamW weight decay 0.01","MP1_student_starter/code/configs/baseline.json","17","none (random initialization)","1200","32","256","9830400","1088256","NVIDIA GeForce RTX 3050 Ti Laptop GPU","4","fp32","37.5965854000001","0.668247400000382","not run","not measured","0.53879296","2.06427916758276","not run","d4851108cf25de24d3e98e985c449ea4d5b865a1068b4196fa8c95ff200ffee5","validation; not selected","Equal 9,830,400 targets per run; process_seconds=51.8504923999999; metrics at experiments/weight-decay001-s17-v1/run/metrics.json; test not run."
"learning-rate0015-s17-v1","local source; train.py SHA256=645ce0e4b72a6ad5cd67d28f5726e4290b8a29599d8885793ae79a6d53d612a5; model implementation SHA256=6cce142a31d396f017319543f50d70f30fa6da740729af01c8baed13c6f671f9","Original GPT with peak learning rate 0.0015; weight decay 0.1","MP1_student_starter/code/configs/baseline.json","17","none (random initialization)","1200","32","256","9830400","1088256","NVIDIA GeForce RTX 3050 Ti Laptop GPU","4","fp32","37.5906394999997","0.669503899999654","not run","not measured","0.53879296","2.01262199322979","not run","8a1ac958de5ebac87c099a2fb19208992d45a206c134e9c111b3c95e731c9379","validation; not selected","Equal 9,830,400 targets per run; process_seconds=52.0699150999999; metrics at experiments/learning-rate0015-s17-v1/run/metrics.json; test not run."
"learning-rate002-s17-v1","local source; train.py SHA256=645ce0e4b72a6ad5cd67d28f5726e4290b8a29599d8885793ae79a6d53d612a5; model implementation SHA256=6cce142a31d396f017319543f50d70f30fa6da740729af01c8baed13c6f671f9","Original GPT with peak learning rate 0.002; weight decay 0.1","MP1_student_starter/code/configs/baseline.json","17","none (random initialization)","1200","32","256","9830400","1088256","NVIDIA GeForce RTX 3050 Ti Laptop GPU","4","fp32","37.5319380999999","0.672748800000136","not run","not measured","0.53879296","1.97592903983057","not run","129f0030e2bcdc7f334d5cf5752864ce406a466cfe60d4d2ae42473e1ed672fd","validation; not selected","Equal 9,830,400 targets per run; process_seconds=51.7170427000001; metrics at experiments/learning-rate002-s17-v1/run/metrics.json; test not run."
"learning-rate0025-s17-v1","local source; train.py SHA256=645ce0e4b72a6ad5cd67d28f5726e4290b8a29599d8885793ae79a6d53d612a5; model implementation SHA256=6cce142a31d396f017319543f50d70f30fa6da740729af01c8baed13c6f671f9","Original GPT with peak learning rate 0.0025; weight decay 0.1","MP1_student_starter/code/configs/baseline.json","17","none (random initialization)","1200","32","256","9830400","1088256","NVIDIA GeForce RTX 3050 Ti Laptop GPU","4","fp32","37.5332481","0.671621899999991","not run","not measured","0.53879296","1.95607906870066","not run","62ac37a61f3d4760e24e82170da1cab00d8c21d0980c5c2dffefc4b2652bdd09","validation; not selected","Equal 9,830,400 targets per run; process_seconds=51.3155222999999; metrics at experiments/learning-rate0025-s17-v1/run/metrics.json; test not run."
"learning-rate003-s17-v1","local source; train.py SHA256=645ce0e4b72a6ad5cd67d28f5726e4290b8a29599d8885793ae79a6d53d612a5; model implementation SHA256=6cce142a31d396f017319543f50d70f30fa6da740729af01c8baed13c6f671f9","Original GPT with peak learning rate 0.003; weight decay 0.1","MP1_student_starter/code/configs/baseline.json","17","none (random initialization)","1200","32","256","9830400","1088256","NVIDIA GeForce RTX 3050 Ti Laptop GPU","4","fp32","37.6362077999997","0.675918200000069","not run","not measured","0.53879296","1.93537103131489","not run","1bc95e81b7a9ddc420fbb5571c9255d12776e5713d40fb01637135bf75c3c9c5","validation; not selected","Equal 9,830,400 targets per run; process_seconds=51.5893458; metrics at experiments/learning-rate003-s17-v1/run/metrics.json; test not run."
"learning-rate0035-s17-v1","local source; train.py SHA256=645ce0e4b72a6ad5cd67d28f5726e4290b8a29599d8885793ae79a6d53d612a5; model implementation SHA256=6cce142a31d396f017319543f50d70f30fa6da740729af01c8baed13c6f671f9","Original GPT with peak learning rate 0.0035; weight decay 0.1","MP1_student_starter/code/configs/baseline.json","17","none (random initialization)","1200","32","256","9830400","1088256","NVIDIA GeForce RTX 3050 Ti Laptop GPU","4","fp32","37.5204463","0.670787699999892","not run","not measured","0.53879296","1.92696795509861","not run","0acb7bce312e8a05495b1446867d893e6a863a9ec5577fb491f087b9059c53b2","validation; not selected","Equal 9,830,400 targets per run; process_seconds=52.0106431999998; metrics at experiments/learning-rate0035-s17-v1/run/metrics.json; test not run."
"learning-rate004-s17-v1","local source; train.py SHA256=645ce0e4b72a6ad5cd67d28f5726e4290b8a29599d8885793ae79a6d53d612a5; model implementation SHA256=6cce142a31d396f017319543f50d70f30fa6da740729af01c8baed13c6f671f9","Original GPT with peak learning rate 0.004; weight decay 0.1","MP1_student_starter/code/configs/baseline.json","17","none (random initialization)","1200","32","256","9830400","1088256","NVIDIA GeForce RTX 3050 Ti Laptop GPU","4","fp32","37.5392952999996","0.670587399999931","not run","not measured","0.53879296","1.92083775335057","not run","9675b68103c64451b60b15a4ba5538ab1b10b33883783f82ea9f065e1b4e8473","validation; not selected","Equal 9,830,400 targets per run; process_seconds=51.3983005; metrics at experiments/learning-rate004-s17-v1/run/metrics.json; test not run."
"learning-rate005-s17-v1","local source; train.py SHA256=645ce0e4b72a6ad5cd67d28f5726e4290b8a29599d8885793ae79a6d53d612a5; model implementation SHA256=6cce142a31d396f017319543f50d70f30fa6da740729af01c8baed13c6f671f9","Original GPT with peak learning rate 0.005; weight decay 0.1","MP1_student_starter/code/configs/baseline.json","17","none (random initialization)","1200","32","256","9830400","1088256","NVIDIA GeForce RTX 3050 Ti Laptop GPU","4","fp32","37.5770105999986","0.671897100000024","not run","not measured","0.53879296","1.91521513314571","not run","3bd2b3746670293ddb80a9fd0ff39e1efd50f4d3f6a6e9ce260f450b0f2b89a6","validation; not selected","Equal 9,830,400 targets per run; process_seconds=51.3232615000002; metrics at experiments/learning-rate005-s17-v1/run/metrics.json; test not run."
"learning-rate006-s17-v1","local source; train.py SHA256=645ce0e4b72a6ad5cd67d28f5726e4290b8a29599d8885793ae79a6d53d612a5; model implementation SHA256=6cce142a31d396f017319543f50d70f30fa6da740729af01c8baed13c6f671f9","Original GPT with peak learning rate 0.006; weight decay 0.1","MP1_student_starter/code/configs/baseline.json","17","none (random initialization)","1200","32","256","9830400","1088256","NVIDIA GeForce RTX 3050 Ti Laptop GPU","4","fp32","37.5733108000004","0.673188399999162","not run","not measured","0.53879296","1.92089725960659","not run","77ce4d09f5e6c2633b375e3a7d1bc34ca043c6fedfcb9270922760978308688c","validation; not selected","Equal 9,830,400 targets per run; process_seconds=51.4459091999997; metrics at experiments/learning-rate006-s17-v1/run/metrics.json; test not run."
"lr005-wd001-s17-v1","local source; train.py SHA256=645ce0e4b72a6ad5cd67d28f5726e4290b8a29599d8885793ae79a6d53d612a5; model implementation SHA256=6cce142a31d396f017319543f50d70f30fa6da740729af01c8baed13c6f671f9","Original GPT with peak learning rate 0.005 and weight decay 0.01","MP1_student_starter/code/configs/baseline.json","17","none (random initialization)","1200","32","256","9830400","1088256","NVIDIA GeForce RTX 3050 Ti Laptop GPU","4","fp32","37.5538831000013","0.669691400000374","10.7394350000004","2.2227783203125","0.53879296","1.90797753229886","1.93808671603946","a25b6a8704de105267828facefd76d065a7cc3808e3580a306412315cb3ea195","validation; selected final candidate; test after freeze","Equal 9,830,400 targets per run; process_seconds=51.5376339000004; metrics at experiments/lr005-wd001-s17-v1/run/metrics.json; frozen checkpoint CPU FP32 test completed; test seconds=10.7394350000004; conservative test RAM upper bound GiB=2.2227783203125."
"baseline-gpt-s23-control","local source; train.py SHA256=645ce0e4b72a6ad5cd67d28f5726e4290b8a29599d8885793ae79a6d53d612a5; model implementation SHA256=6cce142a31d396f017319543f50d70f30fa6da740729af01c8baed13c6f671f9","Original GPT baseline; seed 23 robustness control","MP1_student_starter/code/configs/baseline.json","23","none (random initialization)","1200","32","256","9830400","1088256","NVIDIA GeForce RTX 3050 Ti Laptop GPU","4","fp32","37.5862861999994","0.686600399999406","not run","not measured","0.53879296","2.07601132755261","not run","40e11caca437fa6bb881431e9b3d110c48ba1930f1d2e41b18a3afddc3c526d7","validation; not selected","Equal 9,830,400 targets per run; process_seconds=51.3873975000006; metrics at experiments/baseline-gpt-s23-control/run/metrics.json; test not run."
"lr005-wd001-s23-replication","local source; train.py SHA256=645ce0e4b72a6ad5cd67d28f5726e4290b8a29599d8885793ae79a6d53d612a5; model implementation SHA256=6cce142a31d396f017319543f50d70f30fa6da740729af01c8baed13c6f671f9","Original GPT with peak learning rate 0.005 and weight decay 0.01","MP1_student_starter/code/configs/baseline.json","23","none (random initialization)","1200","32","256","9830400","1088256","NVIDIA GeForce RTX 3050 Ti Laptop GPU","4","fp32","37.7897212999997","0.689460999999937","not run","not measured","0.53879296","1.91940083172319","not run","c5e3cbd0326e930221443ecd5cee18e250c65a47daf213aa6ae258873ce65a8a","validation; seed-23 replication","Equal 9,830,400 targets per run; process_seconds=52.9372958000004; metrics at experiments/lr005-wd001-s23-replication/run/metrics.json; test not run."
"baseline-gpt-s17-8000","local source; hashes in PACKAGE_MANIFEST.json","Original GPT baseline recipe, 8,000 steps","MP1_student_starter/code/configs/baseline.json","17","random initialization","8000","32","256","65536000","1088256","NVIDIA GeForce RTX 3050 Ti Laptop GPU","4","fp32","247.741832999998","not fully isolated","not run","not measured","see metrics.json","1.70389359461725","not run","361dc3c11f7e3b713bbd39639d05d6cc66e394ccf6d770fc640948dfc91927b0","validation","Equal-target baseline comparison: 65,536,000 targets. Validation-best checkpoint at step 8,000; no test run."
"longtrain-small-s17-12000","local source; hashes in PACKAGE_MANIFEST.json","Original GPT; lr 0.002, wd 0.01; 12,000 steps","MP1_student_starter/code/configs/baseline.json","17","random initialization","12000","32","256","98304000","1088256","NVIDIA GeForce RTX 3050 Ti Laptop GPU","4","fp32","371.178813300001","not fully isolated","not run","not measured","see metrics.json","1.68076352021094","not run","3924e3331957fff9e86aefba24ee2e184882178ec7879b608c97b403c9b26018","validation","Exploratory long-training run before validation-best saving; final step checkpoint; superseded as ensemble member by validation-best rerun."
"scaled-256x6-nodecaydrop-s17-8000","local source; hashes in PACKAGE_MANIFEST.json","GPT width 256 depth 6; no dropout, lr 0.0015, wd 0.01","MP1_student_starter/code/configs/scaled_256x6.json","17","random initialization","8000","32","256","65536000","5328896","NVIDIA GeForce RTX 3050 Ti Laptop GPU","4","fp32","813.531502799999","not fully isolated","not run","not measured","see metrics.json","1.74912174882674","not run","f5fa5bb486b868cc7ad1b0776c0a67d750719c716f2e083d368622349d552cb6","validation","Equal targets to baseline-8000 and dropout-8000. Validation history minimum 1.65142297 at step 4,000, but this run saved only the final step; overfit after step 4,000."
"scaled-256x6-drop01-s17-8000","local source; hashes in PACKAGE_MANIFEST.json","GPT width 256 depth 6, residual dropout 0.1; lr 0.0015, wd 0.1","MP1_student_starter/code/configs/scaled_256x6_dropout01.json","17","random initialization","8000","32","256","65536000","5328896","NVIDIA GeForce RTX 3050 Ti Laptop GPU","4","fp32","834.040760699999","not fully isolated","not run","not measured","see metrics.json","1.56590544355881","not run","759ab1756c9621975c9bdfc79f379009f18a48e23c2f4f09f45b9b705b4ccaf6","validation","Equal 65,536,000 targets vs original GPT and unregularized scaled GPT. Validation-best at step 8,000; demonstrates scale plus regularization."
"scaled-256x6-drop01-s17-16000","local source; hashes in PACKAGE_MANIFEST.json","GPT width 256 depth 6, residual dropout 0.1; lr 0.0015, wd 0.1; 16,000-step plan","MP1_student_starter/code/configs/scaled_256x6_dropout01.json","17","random initialization","16000","32","256","114688000","5328896","NVIDIA GeForce RTX 3050 Ti Laptop GPU","4","fp32","1667.312364200001","not fully isolated","not run","not measured","see metrics.json","1.56556654208238","not run","3eb4714d6d00b74ea7279f0599e64e240852415b53a4785367795e04a3956982","validation","Training run processed 131,072,000 targets; best validation checkpoint is step 14,000 (114,688,000 targets). Later checkpoints slightly regressed."
"small-256x4-best-s17-12000","local source; hashes in PACKAGE_MANIFEST.json","Original GPT; lr 0.002, wd 0.01; validation-best at 11,000","MP1_student_starter/code/configs/baseline.json","17","random initialization","12000","32","256","90112000","1088256","NVIDIA GeForce RTX 3050 Ti Laptop GPU","4","fp32","371.923568599997","not fully isolated","not run","not measured","see metrics.json","1.6784905194285","not run","91bc548aaad5893bd4d5dd00a2a6143a66416daaa311bcb993b74f0eb78e825e","validation","Training run processed 98,304,000 targets; validation-best step 11,000 has 90,112,000 targets and is saved in checkpoint."
"wide-lowlr-finetune-s23-interrupted","local source; hashes in PACKAGE_MANIFEST.json","Continue wide dropout GPT from 8,000-step parent; lr 0.0005, wd 0.1","MP1_student_starter/code/configs/scaled_256x6_dropout01.json","23","scaled-256x6-drop01-s17-8000","4500","32","256","102400000","5328896","NVIDIA GeForce RTX 3050 Ti Laptop GPU","4","fp32","469.3","not fully isolated","not run","not measured","see metrics.json","1.57644527577066","not run","not saved","validation","Parent selected checkpoint 65,536,000 targets plus 4,500 continuation steps. Best observed validation 1.576445 at step 4,000, worse than parent 1.565905; interrupted, no child checkpoint."
"final-prob-ensemble-wide69-small31","local source; hashes in PACKAGE_MANIFEST.json","Frozen probability ensemble: width256x6 (0.69) + width128x4 (0.31)","ensemble checkpoint config","17","scaled-256x6-drop01-s17-16000 + small-256x4-best-s17-12000; small weight selected on validation","14000+11000 selected steps","32","256","204800000","6417152","NVIDIA GeForce RTX 3050 Ti Laptop GPU","4","fp32","2039.2 combined GPU training seconds","39.15475870000046 CPU FP32","43.3619268000002","2.26511764526367","see metrics.json","1.51817479910467","1.5395239274392","5baa2582efdda60bf0d6fc7eb78dea5e46723a99d8654011ec26a2b973cb0465","validation","Frozen after validation selection. Test scored only afterward. Bundle 25,709,137 bytes; checkpoint ancestry 204,800,000 targets; component full-run search cost 229,376,000 targets."
"modern-256x6-8000-s17","local source; source hashes in final evidence","modern_gpt width256 depth6 dropout0.1","{""vocab"":2048,""width"":256,""heads"":8,""depth"":6,""context"":256,""dropout"":0.1}","17","random initialization","8000","32","256","65536000","5344512","NVIDIA GeForce RTX 3050 Ti Laptop GPU","4","fp32","1105.4947343999993","2.059857700000066","not run","not measured for training run","1.523262464","1.5814935002011217","not run","885151167c136acf177384c37142fac1a361452bb2d956ecad044d659eb635c6","validation","Actual optimizer-run cost 65536000 targets; selected step 8000; no new training after stop request. Metrics: experiments/modern-256x6-8000-s17/run/metrics.json"
"scaled-256x6-drop02-wd01-16000-s17","local source; source hashes in final evidence","student width256 depth6 dropout0.2","{""vocab"":2048,""width"":256,""heads"":8,""depth"":6,""context"":256,""dropout"":0.2}","17","random initialization","16000","32","256","131072000","5328896","NVIDIA GeForce RTX 3050 Ti Laptop GPU","4","fp32","1677.0747551999993","1.6384780000007595","not run","not measured for training run","1.161416704","1.5296085303732971","not run","e3a8ce5ccef93f8da666bf77092501accb7a65701c3ff43a55201ace6b5956dd","validation","Actual optimizer-run cost 131072000 targets; selected step 16000; no new training after stop request. Metrics: experiments/scaled-256x6-drop02-wd01-16000-s17/run/metrics.json"
"medium-160x4-drop01-16000-s23","local source; source hashes in final evidence","student width160 depth4 dropout0.1","{""vocab"":2048,""width"":160,""heads"":4,""depth"":4,""context"":256,""dropout"":0.1}","23","random initialization","16000","32","256","131072000","1606080","NVIDIA GeForce RTX 3050 Ti Laptop GPU","4","fp32","770.2926219000074","0.922187500000291","not run","not measured for training run","0.62918656","1.6002483364363516","not run","8d0894901e35e91a97f3e4b5ac27ea988d5c5f968f3b5b2e22921d0496e0d7cc","validation","Actual optimizer-run cost 131072000 targets; selected step 16000; no new training after stop request. Metrics: experiments/medium-160x4-drop01-16000-s23/run/metrics.json"
"wide-drop02-continue4000-s23","local source; source hashes in final evidence","student width256 depth6 dropout0.2","{""vocab"":2048,""width"":256,""heads"":8,""depth"":6,""context"":256,""dropout"":0.2}","23","e3a8ce5ccef93f8da666bf77092501accb7a65701c3ff43a55201ace6b5956dd","4000","32","256","163840000","5328896","NVIDIA GeForce RTX 3050 Ti Laptop GPU","4","fp32","484.3013613000039","1.9495639000015217","not run","not measured for training run","1.161416704","1.5237620420458673","not run","fb92a5428a38369e00adad6f68b61065f73b9879a167615f8abe2a54e2c5dc97","validation","Actual optimizer-run cost 32768000 targets; selected step 4000; no new training after stop request. Metrics: experiments/wide-drop02-continue4000-s23/run/metrics.json"
"wide-drop03-24000-bf16-s17","local source; source hashes in final evidence","student width256 depth6 dropout0.3","{""vocab"":2048,""width"":256,""heads"":8,""depth"":6,""context"":256,""dropout"":0.3}","17","random initialization","24000","32","256","196608000","5328896","NVIDIA GeForce RTX 3050 Ti Laptop GPU","4","bf16","1318.8659336999917","2.0341484999953536","not run","not measured for training run","0.815386624","1.520759539596526","not run","d84aa1b79f38d91eada98a9a5c72ed0a0825ea99ae7c58d27998875d1353e931","validation","Actual optimizer-run cost 196608000 targets; selected step 24000; no new training after stop request. Metrics: experiments/wide-drop03-24000-bf16-s17/run/metrics.json"
"final-hybrid-v3","FREEZE.json and source_snapshot","Frozen two-GPT ensemble + causal window copy + continuation-count training 4-gram","checkpoint config / FREEZE.json","17+23","wide p02 16000 + continuation4000; independent medium160 16000","16000+4000+16000","32","256","294912000","6934976","CPU FP32 scoring; RTX 3050 Ti training","4","fp32","see three parent metrics; no additional optimizer updates","45.682472000000416","51.42369119999785","2.4706802368164062","0","1.4435484111417993","1.4583128252943809","5b99639aa30264a10ec0d9a7608317fec5e926b521ce205b64c2b9bfde1183e1","validation; frozen before test","All technical checks passed. CPU ratio 4.755985; assets 58484077 bytes. Train count fit reads 3613343 tokens. No new optimization after test."
